<?xml version="1.0"?>
<ruleset name="Subtitles WordPress Plugin Coding Standards">
	<!-- Set a description for this ruleset. -->
	<description>A custom set of code standard rules to check for Subtitles.</description>
	<!-- Do not check in side library folder -->
	<exclude-pattern>/lib/*</exclude-pattern>
	<exclude-pattern>/tests/*</exclude-pattern>
	<!-- Include the WordPress ruleset, with exclusions. -->
	<rule ref="WordPress">
		<exclude name="WordPress.XSS.EscapeOutput" />
	</rule>
</ruleset>